<?xml version="1.0" encoding="UTF-8"?>
<beans xmlns = "http://www.springframework.org/schema/beans"
   xmlns:xsi = "http://www.w3.org/2001/XMLSchema-instance"
   xsi:schemaLocation = "http://www.springframework.org/schema/beans
   http://www.springframework.org/schema/beans/spring-beans-3.0.xsd">
   
   
<bean id="s1" class="mavenproject.mavendemo.Student">
   <property name="stuname" value="Paul"></property>
   <property name="Id" value="4421"></property>
   </bean>
   
   
   <bean id="b1" class="mavenproject.mavendemo.Book">
   <property name="Id" value="2341"></property>
   <property name="Publisher" value="Paul"></property>
   <property name="Price" value="Rs.350"></property>
   </bean>
   
     <bean id="e1" class="mavenproject.mavendemo.Employee">
   <property name="Id" value="3211"></property>
   <property name="salary" value="34000"></property>
   <property name="address" value="asd#123,DDEFQWEF-A12332"></property>
   <property name="name" value="Senna"></property>
   </bean>
   </beans>