<?xml version="1.0" encoding="UTF-8"?>


<beans xmlns="http://www.springframework.org/schema/beans"
       xmlns:xsi="http://www.w3.org/2001/XMLSchema-instance"
       xmlns:context="http://www.springframework.org/schema/context"
       xsi:schemaLocation="http://www.springframework.org/schema/beans 
           http://www.springframework.org/schema/beans/spring-beans-3.0.xsd
           http://www.springframework.org/schema/context
           http://www.springframework.org/schema/context/spring-context-3.0.xsd">
               
     <context:annotation-config/>
 

 


    <bean id="msg" class="projectmaven.projmvn.MyMessage">
</bean>

    <bean id="msgpass" class="projectmaven.projmvn.MessagePass">
</bean>

 
 <bean id="add" class="projectmaven.projmvn.Address">
</bean>

<bean id="adds" class="projectmaven.projmvn.Student">

</bean>


<bean id="sal" class="projectmaven.projmvn.Salary">
</bean>



<bean id="emp" class="projectmaven.projmvn.Employee">
</bean>
 

 

 


</beans>